date;open;am_high;am_low;pm_high;pm_low;close
2024-08-01;552.57001;554.86877;541.82001;543.46997;539.42999;543.039978
2024-08-02;535.75;536.98999;528.59998;533.16998;529.53998;532.98999
2024-08-05;511;523.58002;510.67999;520.88000;514.88000;517.40997
2024-08-06;519.21997;528.15613;517.87000;529.75;521.96997;522.19000
2024-08-07;528.46997;531.59003;522.28998;524.98993;518.051880;518.65002
2024-08-08;523.90997;529.97998;521.84003;531.28998;528.20001;530.63000
2024-08-09;529.81000;534.14001;528.56000;534.51001;531.46997;532.90997
2024-08-12;534.40997;535.72998;530.95001;533.87079;531.76001;533.26001
2024-08-13;536.53003;541.12000;536.28003;542.28003;539.47998;542.010010
2024-08-14;542.84998;544.96002;540.12000;544.69000;542.63000;543.78003
2024-08-15;549.5;552.71002;548.88000;553.35999;551.90997;553.067810
2024-08-16;551.41998;555.020020;551.26001;554.85999;553.54999;554.26001
2024-08-19;554.72998;557.46997;553.85999;559.58002;556.89001;559.56000
2024-08-20;559.15002;560.84003;557.32501;559.73993;557.69000;558.62000
2024-08-21;559.77002;562.10999;557.98999;561.71002;559.21997;560.70001
2024-08-22;562.56000;563.17999;556.89001;557.49988;554.97998;556.21002
2024-08-23;559.53003;563.090027;557.28998;562.67999;560.15997;562.090027
2024-08-26;563.17999;563.90997;559.71997;561.099976;559.049988;560.72998
2024-08-27;559.48999;562.049988;558.32001;562.059998;561.13000;561.53180
2024-08-28;561.21002;561.65002;556.89252;559.35999;555.039978;558.33002
2024-08-29;560.31000;563.67999;559.37000;562.89001;557.17999;558.29999
2024-08-30;560.77002;562.25;557.14001;564.20001;558.59998;563.57001
2024-09-03;560.46997;560.81000;554.67999;555.72998;549.51001;552.15997
2024-09-04;550.20001;554.42999;550.025024;551.96002;549.46002;550.84003
2024-09-05;551.29999;553.79950;547.099976;551.17999;547.72998;549.57001
2024-09-06;549.94000;551.59998;539.65997;541.88000;539.44000;540.41998
2024-09-09;544.44000;547.71002;542.67999;547.33002;544.17999;546.42999
2024-09-10;548.35999;548.65997;543.38000;549.15002;546.28998;548.82001
2024-09-11;547.73499;549.19000;539.96002;555.35999;548.82013;554.35999
2024-09-12;554.5;558.090027;552.73999;559.40002;556.53998;559.010010
2024-09-13;559.60999;562.94000;559.45001;563.030029;561.020020;561.96002
2024-09-16;561.75;562.91998;559.90002;563.10999;561.60999;562.85999
2024-09-17;565.099976;566.58002;560.97998;563.17999;560.79498;563.10999
2024-09-18;563.73999;563.92999;561.34003;568.69000;560.83002;561.34003
2024-09-19;571.010010;572.085022;568.21997;572.88000;570.34998;570.91998
2024-09-20;567.84497;568.53003;565.16998;569.31000;566.090027;568.099976
2024-09-23;569.070007;570.33252;568.099976;569.90997;568.58002;569.62000
2024-09-24;570.47998;571.20001;567.59998;571.35999;569.42999;571.23999
2024-09-25;571.75;571.89001;569.099976;570.38000;568.90997;570
2024-09-26;573.90997;574.15002;569.90002;572.75;571.070007;572.28998
2024-09-27;573.25;574.21997;571.75018;572.65002;570.41998;571.40997
2024-09-30;570.41998;572.26001;570.25;574.38000;568.22998;574.020020
2024-10-01;572.90997;572.92499;566;570.92999;566.27002;568.69000
2024-10-02;567.71;569.88;565.27;569.44;567.65;568.77
2024-10-03;567.35999;569.80249;565.48999;568.27002;566.049988;567.78003
2024-10-04;572.34998;572.71002;568.15997;573.35999;569.58002;572.91998
2024-10-07;571.29999;571.95990;570.12000;570.54999;566.63000;567.81000
2024-10-08;570.41998;572.54999;569.52991;573.78003;571.10498;573.10999
2024-10-09;573.15997;577.059998;572.54999;577.71002;575;577.12000
2024-10-10;575.77002;577.58002;574.56000;576.67499;574.48999;576.10498
2024-10-11;576.049988;580.094971;575.90997;580.33002;578.65369;579.54999
2024-10-14;581.21997;584.14001;580.78998;585.27002;583.31000;584.28998
2024-10-15;584.59003;584.90002;580.82001;581.75;578.54498;579.81000
2024-10-16;579.78003;581.62000;578.96002;582.83002;581.14001;582.23999
2024-10-17;585.90997;586.12000;582.37000;584.70001;582.15997;582.28003
2024-10-18;584.070007;585.25;582.58002;585.39001;583.84003;584.57001
2024-10-21;583.84998;584.84998;580.60010;583.72998;582.17010;583.66998
2024-10-22;581.049988;582.71002;580.38000;584.5;582.63013;583.32001
2024-10-23;581.52002;581.64001;576.53003;578.13000;574.41498;577.92999
2024-10-24;579.97998;580.059998;576.57001;579.88501;578.070129;579.17999
2024-10-25;581.51001;584.46002;580.010010;580.57001;578.080017;579.015015
2024-10-28;582.58002;582.71002;580.57001;581.87000;580.52002;580.77002
2024-10-29;579.84998;582.77002;578.42999;582.90698;581.34003;581.70502
2024-10-30;581.28998;583.32001;579.28998;581.81000;579.38000;579.96002
2024-10-31;575.56000;575.63000;570.10999;572;568.44000;568.57001
2024-11-01;571.32001;575.54999;570.67999;573.75;570.62000;571.020020
2024-11-04;571.17999;572.5;567.89001;571.27002;569.16998;569.78003
2024-11-05;570.73999;576.42999;570.52002;576.71002;574.59998;576.67999
2024-11-06;589.20001;590.27002;585.39001;591.92999;589.78998;591.039978
2024-11-07;593.080017;595.56000;592.99988;596.65002;593.91998;595.54999
2024-11-08;596.16998;598.34998;596.16498;599.64001;597.62000;598.23999
2024-11-11;599.98999;600.16998;597;598.83502;597.57013;598.71997
2024-11-12;598.67999;599.28998;594.37000;598.40002;595.79999;596.87000
2024-11-13;597.46997;599.22998;594.96002;599.15002;596.47998;597.16998
2024-11-14;597.32001;597.81000;593.75;595.78998;592.65002;593.37000
2024-11-15;589.71997;590.20001;584.64001;586.22992;583.85999;585.71997
2024-11-18;586.21997;589.48999;585.34003;588.44598;587.020020;588.15002
2024-11-19;584.71002;589.63000;584.030029;591.044983;589.090027;590.28003
2024-11-20;590.38000;590.53003;584.63000;590.78998;586.15002;590.47998
2024-11-21;593.40002;594.67999;587.45001;595.12000;593.52002;593.60999
2024-11-22;593.65997;596.15002;593.15253;596.099976;594.15002;595.48999
2024-11-25;599.52002;600.85999;595.20001;597.74500;596.48999;597.45001
2024-11-26;598.79999;600.13989;598.070007;601.33002;599.21997;600.73999
2024-11-27;600.46002;600.84998;597.28003;599.12000;597.94000;598.78998
2024-11-29;599.64001;603.34003;599.39990;602.54999;602.54999;602.54999
2024-12-02;602.96997;603.96002;602.46997;604.32001;603.049988;603.66998
2024-12-03;603.39001;603.84998;602.34100;604.15997;603.16998;603.84998
2024-12-04;605.69000;606.53998;604.95001;607.90997;605.20001;607.58002
2024-12-05;607.65997;608.47998;606.79999;607.89001;606.30499;606.60999
2024-12-06;607.44000;609.070007;607.059998;608.12000;607.020020;607.89001
2024-12-09;607.69000;607.85999;604.60999;606.42999;604.080017;604.63000
2024-12-10;605.37000;605.79999;604.080017;604.62000;602.13000;602.87000
2024-12-11;605.78003;608.43500;605.5;608.40002;607.31000;607.5
2024-12-12;606.58002;607.15997;605.13000;606.54999;604.34003;604.37000
2024-12-13;606.44000;607.13000;602.81000;604.70001;603.67999;604.26001
2024-12-16;606;607.71997;605.21002;607.77948;606.054993;606.77502
2024-12-17;604.19000;605.16998;603.15997;604.73999;602.88501;604.23999
2024-12-18;603.97998;606.40503;603.46997;605.66998;585.89001;586.29999
2024-12-19;591.35999;593;587.28003;591.26001;585.84998;586.12000
2024-12-20;581.77002;595.75;580.90997;593.94000;589.46997;590.90997
2024-12-23;590.89001;593.40002;587.66101;595.29999;592.25;594.78003
2024-12-24;596.080017;601.33502;595.48999;601.29999;601.29999;601.29999
2024-12-26;599.5;602.47998;598.082520;602.099976;600.65997;601.22998
2024-12-27;597.53998;597.77612;590.76471;595.53003;592.33002;594.98999
2024-12-30;587.40997;591.73999;584.40997;591.53003;588.070007;588.27002
2024-12-31;589.90503;590.63989;584.78998;587.49988;584.41998;586
2025-01-02;589.39001;591.13000;580.94000;585.37000;580.5;584.57001
2025-01-03;587.53003;591.5;586.42999;592.59998;591.049988;591.85999
2025-01-06;596.27002;599.70001;595.90002;597.42987;593.59998;595.40002
2025-01-07;597.41998;597.75;589.64001;592.28003;586.78003;588.71002
2025-01-08;588.70001;589.94000;585.19501;590.57990;587.080017;589.41998
2025-01-10;585.88000;585.95001;578.54999;584.5;579.70001;580.51001
2025-01-13;575.77002;579.75;575.34998;581.75;579.090027;581.53998
2025-01-14;584.35999;585;578.34998;583.81000;578.90002;582.19000
2025-01-15;590.32501;592.96997;589.19501;593.94000;591.97998;592.76001
2025-01-16;594.17499;594.34998;591.32001;593.33002;590.92999;591.70001
2025-01-17;596.96002;599.35999;595.60999;599.10999;597.34998;597.54999
2025-01-21;600.66998;602.88000;598.66998;602.97998;601.66998;602.91998
2025-01-22;605.91998;607.82001;605.35999;607.62671;606.22998;606.34003
2025-01-23;605.79999;608.29999;605.52002;609.73999;607.31000;609.71002
2025-01-24;609.81000;610.78003;608.080017;608.73999;606.79999;607.93988
2025-01-27;596.46997;599.69000;596.030029;599.57001;596.070007;599.40997
2025-01-28;600.71;604.78;597.36;605.37;603.24;604.5
2025-01-29;603.71997;604.13000;599.65997;603.68011;599.21997;601.79999
2025-01-30;603.96002;605.97998;600.71503;606.59998;601.82001;604.96997
2025-01-31;607.5;609.96002;606.69000;607.030029;601.049988;601.79999
2025-02-03;592.66998;599.25;590.48999;600.28998;597.39001;597.64001
2025-02-04;597.83002;602.090027;597.28003;602.29999;600.57001;601.75500
2025-02-05;600.64001;603.16998;598.58002;604.37000;602.39001;604.15002
2025-02-06;605.98999;606.099976;604.15997;606.45251;602.63000;606.34003
2025-02-07;606.89001;608.13000;600.64001;603.65002;600.049988;600.77002
2025-02-10;604.030029;605.33002;602.73999;605.49988;604.24463;604.78998
2025-02-11;602.54999;605.21997;602.42999;605.85999;603.95001;605.21002
2025-02-12;599.20001;604.54999;598.51001;604.22998;602.53003;603.35999
2025-02-13;604.47998;607.48999;603.20001;609.94000;605.31000;609.69000
2025-02-14;609.94000;610.98999;609.070007;610.75067;609.54498;609.70001
2025-02-18;610.88000;611;609.33002;611.35999;608.38000;611.35999
2025-02-19;610.080017;611.96002;609.56000;613.22998;611.40002;612.90002
2025-02-20;611.53998;611.68402;607.020020;610.70001;607.82001;610.39001
2025-02-21;610.15997;610.29999;602.10010;603.22498;599.46997;600
2025-02-24;602.020020;603.030029;596.48999;601.61328;596.64001;597.19000
2025-02-25;597.15002;597.89001;589.56000;596.64001;593.010010;594.21002
2025-02-26;595.92999;599.58002;593.84998;595.28998;591.85559;594.42999
2025-02-27;596.84998;597.91998;590.52002;594.95001;584.65002;585.039978
2025-02-28;585.56000;589.030029;582.44000;594.71997;583.53101;594.070007
2025-03-03;596.17999;597.34003;587.87000;590.65002;579.90002;583.96997
2025-03-04;579.71002;580.21002;572.25;585.39001;574.69000;576.88000
2025-03-05;576.69000;581.15997;573.079529;584.88000;577.90997;583.030029
2025-03-06;575.47998;580.17358;571.039978;574.92999;570.12000;572.82001
2025-03-07;570.90002;576.067871;565.63000;577.39001;572.28998;575.85999
2025-03-10;568.26001;569.53998;561.099976;562.46973;555.59003;560.75
2025-03-11;559.75;562.12000;552.039978;564.020020;552.020020;556.12000
2025-03-12;562.16998;563.10999;553.69000;561.90002;557.81000;558.91998
2025-03-13;558.48999;559.10498;550.35999;554.62000;549.67999;551.52002
2025-03-14;556.10999;562.79999;555.5;563.83002;560.22998;562.78998
2025-03-17;562.78998;566.35999;562.34998;569.71002;565.60999;567.020020
2025-03-18;564.79999;565.020020;559.11;562.21503;559.72998;561.059998
2025-03-19;562.83002;566.28998;561.63000;570.84521;562.71997;567.13000
2025-03-20;563.33002;570.57001;562.60120;566.67999;563.77032;565.69000
2025-03-21;559.28003;563.68500;558.030029;564.89001;561.47998;564.19000
2025-03-24;570.79999;574.39001;570.20001;575.15002;572.049988;574.020020
2025-03-25;575.31;576.41;573.94;575.54;573.69;575.32
2025-03-26;575.19000;576.33002;568.78003;569.58002;567.19000;568.75
2025-03-27;567.17999;570.90002;564.94000;570.030029;566.42297;567.020020
2025-03-28;565.53003;566.26752;555.25;556.96997;555.070007;555.72998
2025-03-31;549.83002;555.15997;546.87000;560.71118;552.71002;559.21753
2025-04-01;557.45001;562.94000;553.85999;561.52002;556.15002;561.049988
2025-04-02;555.049988;567.41998;555;566.098877;560.96002;564.65997
2025-04-03;545.10999;547.96997;539.58002;543.78998;537.56000;537.64001
2025-04-04;523.66998;525.87000;508.57999;515.82001;505.059998;505.51001
2025-04-07;489.19000;523.16998;481.79999;510.47000;500.14001;504.54001
2025-04-08;521.85999;524.97998;502.25;509.10999;489.16000;496.73999
2025-04-09;493.44000;533.40002;493.049988;546.33002;522.95001;542.84003
2025-04-10;532.16998;533.49500;509.32001;529.71002;518.20001;524.71002
2025-04-11;523.010010;533.090027;520.070007;536.42999;528.84003;533.96997
2025-04-14;544.049988;544.28003;533.85999;542.58002;536.48999;538.97998
2025-04-15;539.67499;543.22998;537.37000;539.28998;536.81000;537.72998
2025-04-16;531.67999;535.10999;529.65002;531.62000;520.28998;525.71997
2025-04-17;527.64001;530.40997;523.90997;531.16498;525.71002;526.39001
2025-04-21;521.15997;521.70001;509.54089;514.87000;508.45999;513.96997
2025-04-22;520.14001;529.30499;519.19250;527.5;521.76001;526.96997
2025-04-23;540.42999;545.40002;534;538.98999;533.88000;535.38000
2025-04-24;536.71503;545.84790;535.45038;547.42999;544.28003;546.53003
2025-04-25;546.65002;551.049988;543.69000;550.98999;546.76001;550.53003
2025-04-28;551.4;553.535;545.18;552.265;545.07;550.93
2025-04-29;548.90997;553.45001;548.54999;555.45001;552.53998;554.14001
2025-04-30;547.57001;550.23999;541.52002;556.52002;549.10999;554.34998
2025-05-01;560.32001;564.069885;558.65002;562.69000;557.85999;558.47998
2025-05-02;564.72998;568.079590;562.38000;568.38000;566.020020;566.62000
2025-05-05;562.57001;565.95990;561.70001;566.65002;563.090027;563.53003
2025-05-06;557.92999;563.34760;556.96002;561.40002;558.32001;558.79999
2025-05-07;560.15002;561.97998;558.38000;563.82001;556.039978;561.21997
2025-05-08;565.23999;570.31000;561.70001;569.39001;564.53998;564.90997
2025-05-09;566.47998;567.5;562.76367;565.89001;563.65002;564.28003
2025-05-12;581.46997;582.42999;577.039978;583;580.79999;582.83002
2025-05-13;583.40997;588.44000;582.84003;589.080017;586.72998;586.83002
2025-05-14;587.81000;588.97998;585.53497;588.21997;586.22998;587.54999
2025-05-15;585.56000;590.96997;585.096924;590.69000;588.30499;590.40002
2025-05-16;591.25;593.28998;589.28003;594.5;592.58002;594.29999
2025-05-19;588.099976;595.53998;588.099976;595.47662;588.54999;594.94000
2025-05-20;593.090027;594.049988;592.039978;593.53003;589.59998;592.83002
2025-05-21;588.44000;592.58002;584.54999;587.76001;581.82001;582.96997
2025-05-22;582.79999;585.60999;581.40503;586.62000;582.58002;583.030029
2025-05-23;575.97998;581.15997;575.59998;581.81012;578.48999;579.16998
2025-05-27;586.070007;590.66998;578.42999;591.31000;589.88000;591.059998
2025-05-28;591.56000;592.76880;588.96997;590.78998;586.98499;587.71002
2025-05-29;593.059998;593.20001;586.070007;590.66498;587.60999;589.98999
2025-05-30;588.92999;589.91998;583.23499;591.12988;585.53998;589.46002
2025-06-02;587.76001;590.60999;585.059998;592.78003;589.5;592.63000
2025-06-03;592.34003;597.080017;591.84998;596.96997;594.80011;596.10999
2025-06-04;596.96002;597.95001;595.48999;597.92999;595.89001;595.89001
2025-06-05;597.63000;599;593.90997;596.97968;591.049988;593
2025-06-06;598.46997;600.83002;596.85999;600.64001;598.20001;599.039978
2025-06-09;599.71997;601.13000;598.48999;601.25;599.41998;599.54999
2025-06-10;600.21997;602.66;599.090027;603.46997;600.12000;603.030029
2025-06-11;604.19000;605.059998;601.96002;604.44501;599.27002;601.40997
2025-06-12;600.010010;603.60999;599.52002;603.71997;602.39001;603.67999
2025-06-13;598.5;601.84998;596.63000;600.28998;595.47998;596.94000
2025-06-16;600.96002;604.45001;600.96002;603.71002;601.64001;602.70001
2025-06-17;600.2;601.75;598.98999;599.86987;596.76001;597.57001
2025-06-18;598.44000;601.21997;597.35999;601;596.46997;597.46002
2025-06-20;598.38000;599.46002;593.5;595.34998;592.85999;594.21997
2025-06-23;595.039978;598.28998;591.89001;600.53998;597.71503;600.12000
2025-06-24;604.33002;607.17499;603.40997;607.84991;606.33002;606.76001
2025-06-25;607.90997;608.60999;606.26001;607.37000;605.53998;607.080017
2025-06-26;608.98999;611.28003;608.37000;612.31000;611.094971;611.88000
2025-06-27;612.88000;616.39001;612.70001;615.58002;610.83002;614.84998
2025-06-30;617.38000;617.48999;615.68799;619.21997;615.039978;617.90997
2025-07-01;616.35999;618.25989;615.52002;618.83002;616.70001;617.56000
2025-07-02;617.23999;619.67499;616.60999;620.47998;619.22998;620.37000
2025-07-03;622.455;626.27;622.45;626.27;622.45;625.37
2025-07-07;623.35999;624.030029;619.24103;621.40997;617.87000;620.78003
2025-07-08;621.34998;622.10999;619.52002;621.31000;619.98999;620.31000
2025-07-09;622.90997;624.71997;620.91052;624.21002;622.059998;623.98999
2025-07-10;624.20001;626.22998;623.010010;626.87012;625.21002;625.83002
2025-07-11;622.73999;624.64001;621.53003;624.85999;623.13000;623.60999
2025-07-14;623.15997;624.96997;621.79993;625.15808;624.29999;624.71997
2025-07-15;627.52002;627.85999;622.95001;624.87000;622.080017;622.10999
2025-07-16;623.73999;624.12000;618.049988;624.72998;622.71997;624.17999
2025-07-17;624.40002;627.51001;624.17999;628.40479;626.97998;627.97998
2025-07-18;628.75;629.34998;626.46002;627.76001;626.65997;627.59003
2025-07-21;628.77002;631.53998;628.67999;631.52002;628.34003;628.72998
2025-07-22;629.099976;629.21997;626.19000;629.72998;627.52002;628.83002
2025-07-23;631.54999;632.78998;629.72998;634.15997;631.78998;634.15997
2025-07-24;634.59998;635.97998;633.98999;636.15002;634.25;634.45001
2025-07-25;635.090027;637.13000;634.84003;637.57990;636.625;637.030029
2025-07-28;637.47998;638.039978;636.15997;637.020020;635.53998;636.89001
2025-07-29;638.34998;638.66998;634.69000;636.39001;634.33502;635.21997
2025-07-30;635.91998;636.82001;635;637.67999;631.53998;634.5
2025-07-31;639.45502;639.84998;634.40997;635.65503;630.76501;631.96997
2025-08-01;626.29999;626.34003;619.65002;623.29999;619.28998;621.71002
2025-08-04;625.66998;630.52002;625.58002;631.21503;629.39001;631.059998
2025-08-05;631.78998;632.60522;627.039978;630.32001;627.81000;628.020020
2025-08-06;629.049988;632.97992;628.13000;633.44000;632;632.66998
2025-08-07;636.23999;636.97998;630;632.35999;629.10999;632.33002
2025-08-08;634.059998;637.35999;633.73999;637.64502;636.049988;637.12000
2025-08-11;637.46002;638.95001;636.53003;637.41998;634.65997;635.82001
2025-08-12;638.28998;641.98999;636.78998;642.84998;641.42499;642.63000
2025-08-13;644.90997;646.19000;642.67999;645.099976;642.77502;644.88000
2025-08-14;642.78998;645.54498;642.34003;645.62000;643.90997;644.94000
2025-08-15;645.98999;646.090027;642.52002;644.88000;643.13000;643.46002
2025-08-18;642.85999;643.93500;642.17999;644;642.44000;643.29010
2025-08-19;642.98999;644.10498;638.80499;640.10999;638.47998;639.75
2025-08-20;639.40002;639.65997;632.95001;639.059998;635.21002;638.039978
2025-08-21;636.28003;637.96997;633.81000;636.52002;634.33990;635.59003
2025-08-22;637.76001;646.5;637.25;646.40002;644.29498;645.23999
2025-08-25;644.039978;645.28998;643.40997;644.82001;642.34998;642.48999
2025-08-26;642.20001;643.59003;641.57001;645.51001;642.43500;645.13000
2025-08-27;644.57001;646.69000;644.41998;647.37000;645.82001;646.59998
2025-08-28;647.235;648.36;645.365;649.47;648.08;648.86
2025-08-29;647.46997;647.84003;643.14001;645.14001;643.76001;644.98999
2025-09-02;637.5;640.14001;634.91998;640.48999;637.32001;640.33002
2025-09-03;642.66998;644.21002;641.42999;643.72998;640.46002;643.64001
2025-09-04;644.41998;646.96997;643.51001;649.15002;646.59003;648.98999
2025-09-05;651.47998;652.21002;643.33002;647.40997;644.60999;647.21997
2025-09-08;648.62000;649.84003;647.75;648.88000;647.22998;648.79999
2025-09-09;648.96997;649.79999;647.21997;650.85999;649.47998;650.32001
2025-09-10;653.62000;654.54999;652.10999;652.71997;650.63000;652.22498
2025-09-11;654.17999;657.79999;653.59003;658.33002;657.010010;657.59003
2025-09-12;657.59998;658.47998;657.14502;659.10999;656.90002;657.40002
2025-09-15;659.64001;661.039978;659.47998;660.90997;659.34003;660.84998
2025-09-16;661.46997;661.78003;659.21002;660.73999;659.67999;659.92999
2025-09-17;660.010010;660.63000;658.13000;661.71997;654.29999;659.19000
2025-09-18;661.89001;664.89001;660.27002;663.51001;661.95502;662.28998
2025-09-19;662.33002;662.76001;660.37000;664.54999;662.32501;663.62000
2025-09-22;662.20001;666.53003;662.16998;667.28998;666.030029;666.78003
2025-09-23;666.71997;667.34003;663.69000;663.84998;661.97998;663.25
2025-09-24;664.21997;664.33002;659.66998;661.79999;659.96002;661.030029
2025-09-25;657.5;659.40558;655.080017;658.26001;654.40503;657.95001
2025-09-26;659.10999;662.37000;657.88000;662.14001;660.76001;661.72998
2025-09-29;664.35999;665.28003;662.40002;663.76001;661.85999;663.59998
2025-09-30;663;664.052673;661.60999;666.65002;661.81201;666.090027
2025-10-01;663.16998;668.090027;663.059998;669.37000;667.60498;668.5
2025-10-02;670.45001;670.56500;666.78003;669.72998;668.33191;669.15002
2025-10-03;669.98999;672.67499;669.92999;670.95001;668.15997;669.20001
2025-10-06;671.62000;672.32001;669.45502;672.51001;671.54999;671.58002
2025-10-07;672.53998;672.98999;667.66998;669.40002;667.81000;669.13000
2025-10-08;670.25;673.098511;669.41998;673.20563;672.15002;673.039978
2025-10-09;673.53003;673.94000;669.34003;671.26001;669.21002;671.17999
2025-10-10;672.13000;673.95001;657.73999;660.92999;652.84003;653.10999
2025-10-13;660.65002;665.13000;659.76788;664.27002;661.67999;663.049988
2025-10-14;657.16998;665.64001;653.16998;665.83002;660.34998;662.20001
2025-10-15;666.82001;670.22998;658.92999;665.83649;660.70001;665.080017
2025-10-16;666.82001;668.71002;659.33002;664;657.10999;660.66998
2025-10-17;659.5;663.71503;658.14001;665.75500;660.71002;664.31000
2025-10-20;667.32001;672.010010;667.27002;672.21002;671.17499;671.26001
2025-10-21;671.44000;672.98999;669.98102;672.52002;671.15997;671.23999
2025-10-22;672;672;664.010010;668.35999;663.29999;667.81000
2025-10-23;668.12000;671.65002;667.79999;672.71008;670.99030;671.60999
2025-10-24;676.46002;678.46002;675.65002;678.46997;676.76501;677.10999
2025-10-27;682.72998;683.88000;682.11499;685.53998;683.31500;685.17999
2025-10-28;687.049988;687.37000;684.83002;688.90503;686.875;686.97998
2025-10-29;688.71997;689.70001;687.59003;688.94000;682.87000;687.31000
2025-10-30;683.90002;685.94000;681.39001;684.64001;679.85999;679.96997
2025-10-31;685.039978;685.080017;679.23999;684.79999;679.42999;681.97498
2025-11-03;685.66998;685.79999;679.94000;684.22998;682.45001;683.37000
2025-11-04;676.10999;679.96002;674.66998;676.67999;674.58002;675.34003
2025-11-05;674.97998;680.85992;674.16998;680.85999;677.40002;677.5
2025-11-06;676.46997;677.38000;668.71997;673.70001;669.53003;670.23999
2025-11-07;667.90997;667.97998;661.20502;671.080017;664.21997;670.91998
2025-11-10;677.23499;680.049988;675.030029;682.17999;679.49500;681.32001
2025-11-11;679.95001;683.23999;678.72998;683.57001;682.15997;682.87000
2025-11-12;684.78998;684.96002;680.94501;684.14990;682.091980;683.28497
2025-11-13;680.5;680.85999;672.59497;673.63000;670.52002;672.049988
2025-11-14;665.38000;675.65997;663.26501;675.12000;671.16998;671.95001
2025-11-17;669;673.71002;667.77002;669.90997;662.16998;665.69000
2025-11-18;662.094971;664.46002;655.85999;665.12000;660;660.14001
2025-11-19;660.78003;667.34003;658.74500;664.76001;659.33002;662.65002
2025-11-20;672.90997;675.56000;655.45001;660;651.89001;652.53003
2025-11-21;655.049988;661.51178;650.84998;664.54999;658;659.080017
2025-11-24;662.69000;669.75;661.59003;670.059998;667.87000;668.81000
2025-11-25;668.63000;674.375;664.47998;676.21002;672.44000;675
2025-11-26;677.63000;681.70001;676.71997;681.59003;679.59003;679.63000
2025-11-28;680.85999;683.645;680.5;683.645;680.5;683.36
2025-12-01;678.81000;682.78998;678.73999;682.98999;679.375;680.27002
2025-12-02;681.91998;683.82001;679.32751;682.88000;680.21997;681.47998
2025-12-03;680.57001;684.18500;679.69000;684.90997;683.54999;683.81000
2025-12-04;685.29999;685.34998;682.16998;684.75;681.34003;684.40002
2025-12-05;685.46997;688.39001;684.58002;686.96997;684.59998;685.65002
2025-12-08;686.59003;686.64001;682.19000;683.76001;681.57001;683.64001
2025-12-09;683.15002;685.38501;682.82001;684.34497;682.59003;683.049988
2025-12-10;682.56000;684.21997;681.31000;688.96997;682.44501;687.46002
2025-12-11;685.14001;688.19000;682.16498;689.25;687.29999;689.15002
2025-12-12;688.16998;688.88000;679.17438;683.90002;680.070007;681.72998
2025-12-15;685.73999;685.76001;679.25;681.78003;679.62000;680.71002
2025-12-16;679.22998;681.080017;674.97998;680.56000;675.56000;678.85999
2025-12-17;679.89001;680.43500;673;673.62000;671.19501;671.29999
2025-12-18;677.59998;680.73999;674.90002;679.70001;675.32001;676.47998
2025-12-19;676.59003;681.090027;676.46997;681;679.60999;680.59003
2025-12-22;683.94000;685.35999;682.67999;685.14990;684.20502;684.78998
2025-12-23;683.91998;687.72992;683.87000;688.20001;687.49500;687.90997
2025-12-24;687.95001;690.83002;687.79999;690.83002;687.79999;690.28
2025-12-26;690.64001;691.65997;689.27002;690.5;689.65002;690.24500
2025-12-29;687.53998;689.20001;686.070007;688.62000;686.87000;687.84003
2025-12-30;687.44501;688.55499;686.58002;687.94000;686.70001;686.94000
2025-12-31;687.14001;687.35999;684.17999;686.23999;681.71002;681.84003
2026-01-02;685.71002;686.87000;680.28003;683.95001;679.82001;683.16998
2026-01-05;687.29749;689.42999;686.51001;688.77502;687.15997;687.72998
2026-01-06;688.40002;691.20001;687.78003;692.31500;690.67719;691.81
2026-01-07;692.19000;693.96002;690.96002;693.14502;689.32001;689.59003
2026-01-08;688.82001;690.61499;687.48999;690.054993;688.28003;689.44000
2026-01-09;690.5;694.5;689.17999;695.31000;693.85498;693.98999
2026-01-12;690.67999;695.20001;690.63000;696.090027;694.92999;695.15997
2026-01-13;695.48999;696.090027;692.090027;693.96002;691.34998;693.75
2026-01-14;691;691.71997;686.039978;690.64001;686.26001;690.44000
2026-01-15;694.57001;695.45001;692.98999;695.25;691.25;692.16998
2026-01-16;693.65997;694.25;690.099976;693.71002;691.46997;691.58002
2026-01-20;681.48999;684.77002;680.22498;680.41998;676.57001;677.60999
2026-01-21;679.65002;685.13000;678.13000;688.73499;679.71997;685.33002
2026-01-22;689.84998;691.125;686.91998;690.96002;687.59497;688.92999
2026-01-23;688.15002;690.96002;687.15997;690.19952;688.37000;689.17999
2026-01-26;690.48999;693.87000;689.91998;694.13000;692.62000;692.71002
2026-01-27;694.17999;696.53003;693.57001;696.40002;695.40002;695.53998
2026-01-28;697.049988;697.84003;694.49500;696.28497;693.94000;695.42999
2026-01-29;696.39001;697.059998;684.83002;694.78998;690.19000;693.96997
2026-01-30;691.78998;694.21002;687.12000;692.71002;687.9;691.78003
2026-02-02;689.58002;696.92999;689.42999;696.88000;695.010315;695.46002
2026-02-03;696.21002;696.96002;686.23999;689.75;684.030029;689.46002
2026-02-04;690.34998;691.45001;681.76001;688.48999;683.10999;686.12000
2026-02-05;680.94000;683.69000;675.78998;681.46997;676.18549;677.44000
2026-02-06;681.090027;689.53998;680.84998;692.31000;688.73999;690.59998
2026-02-09;689.41998;695.65997;688.34003;695.87000;693.88000;693.90997
2026-02-10;694.95001;696.53998;693.37000;694.13000;691.65997;692.10999
2026-02-11;696.39001;697.13000;689.17999;693.95502;691.77002;691.91998
2026-02-12;694.23999;695.34998;682.21997;685.96503;680.37000;681.21997
2026-02-13;681.71997;686.28003;677.52002;686.059998;679.81000;681.59998
2026-02-17;680.14001;683.23999;675.78003;684.94000;681.92999;682.75
2026-02-18;684.020020;689.15002;682.83002;688.020020;683.91998;686.19000
2026-02-19;683.84003;686.17999;681.54749;684.59003;681.88000;684.51001
2026-02-20;682.32001;689.40002;681.73999;690.059998;685.76001;689.34998
2026-02-23;687.83002;690;680.37097;683.90997;680.53998;682.40997
2026-02-24;681.90002;688.099976;680;688.34998;686.46002;687.37500
2026-02-25;690.96997;692.69000;690.17010;693.67999;692.21002;693.099976
2026-02-26;693.28003;693.29999;684.34998;689.81000;685.40997;689.32001
2026-02-27;683.090027;686.28992;681.64001;686.84998;682.98999;686.28003
2026-03-02;678.70001;687.41998;678.020020;688.62000;684.89001;686.37000
2026-03-03;675.059998;680.42999;669.65997;682.60999;679.21002;680.28003
2026-03-04;681.63000;686.64001;679.62000;687.090027;685.15997;685.15997
2026-03-05;682.080017;685.53003;675.90002;681.75;675.60999;681.44000
2026-03-06;673.40997;676.10999;669.76001;675.96997;671.14001;672.48999
2026-03-09;666.39001;672.25;662.39001;679.91998;668.090027;678.31598
2026-03-10;677.71997;683.35999;674.76001;683.25;676.22998;677.049988
2026-03-11;677.58002;680.080017;673.51001;676.63989;673.34003;676.33002
2026-03-12;671.15997;671.65002;666.91998;669.75;665.90503;666.039978
2026-03-13;670.094971;672.33502;663.099976;664.81000;661.35999;662.29999
2026-03-16;668.38000;671.40002;667.12000;672.070007;667.97998;668.96002
2026-03-17;672.39001;674.42999;669.70001;672.29999;670.46997;670.72998
2026-03-18;668.35999;669.71997;665.42999;667.44000;661.19000;661.57001
2026-03-19;656.96997;659.71002;655.16998;662.97998;656.15997;659.71997
2026-03-20;656.51001;656.69000;651.20001;652.37000;644.71997;648.51001
2026-03-23;658.070007;662.61499;653.94000;659.65002;655.26001;655.37000
2026-03-24;651.32001;657.030029;649.88000;656.59003;652.38000;653.20001
2026-03-25;658.66998;660.89001;654.23999;659.38000;655.58002;656.73999
2026-03-26;652.059998;654.84998;647.97998;649.059998;644.82001;645.10498
2026-03-27;642.5;642.65997;636.59003;637.25;633.10498;634.080017
2026-03-30;640.10999;640.37000;633.23999;634.63000;629.28003;632
2026-03-31;638.94000;649.46002;637.97998;651.53998;646.14001;650.23999
2026-04-01;653.90002;658.52002;653;658.44000;653.66699;655.17999
2026-04-02;646.41998;658.20001;645.10999;656.099976;652.54999;655.88000
2026-04-06;655.85999;659.71997;655.52002;658.91998;656.21997;658.87000
2026-04-07;656.65002;657.58002;651.059998;659.59998;653.41217;659.26001
2026-04-08;676.39001;677.080017;671.46002;676.60498;672.78003;675.88000
2026-04-09;674.84003;681.015991;673.77002;681.15997;678.44000;679.87000
2026-04-10;681.32001;682.030029;678.5;679.98999;678.45001;679.34003
2026-04-13;677.40997;682.83002;676.58002;686.29999;681.87000;686.010010
2026-04-14;687.69000;694.059998;687.65997;694.58002;692.13000;694.39502
2026-04-15;695.26;697.8;694.29;700.28;697.2;699.85
2026-04-16;701.059998;702.78003;698.53003;701.94000;699.47369;701.54999
2026-04-17;706.14001;712.39001;705.76001;710.70001;708.98999;710.049988
2026-04-20;708.78003;709.90997;706.14001;708.79999;707.48102;708.69000
2026-04-21;710.28003;711.27502;703.84003;707.87000;702.64001;704.14001
2026-04-22;709.15002;710.70001;708.21997;711.45001;709.19000;711.21002
2026-04-23;709.5;712.35980;705.88000;709.47998;702.28027;708.44000
2026-04-24;710.75;714.14001;709.010010;714.46997;712.72998;713.97998
2026-04-27;713.16998;714.75500;712.29498;715.63000;714.58002;715.15997
2026-04-28;711.81500;712.88000;709.25;712.19000;710.11499;711.67999
2026-04-29;711;712.20001;708.90997;711.62000;708.37000;711.58002
2026-04-30;714.63000;715.89001;710.44501;719.78998;715.82001;718.39001
2026-05-01;721.25;724.87000;720.73999;723.21997;720.46997;720.66998
2026-05-04;720.070007;722.12000;715;718.99500;716.83002;718.070007
2026-05-05;721.77002;723.87000;721.49500;725.039978;723.27002;723.73999
2026-05-06;728.15997;732.56000;727.82001;734.59003;731.54498;733.77002
2026-05-07;735.049988;736.13000;729.76001;732.20001;729.75;731.59003
2026-05-08;734.92999;737.84003;734.58002;738.080017;736.10498;737.53003
2026-05-11;736.45001;740.43921;736.45001;740.78998;738.13000;739.20001
2026-05-12;736.89001;737.21997;731.83002;738.84003;734.13000;738.20001
2026-05-13;738.46997;742.89502;735.46997;743.90997;742.091003;742.30499
2026-05-14;743.65002;749.53003;743.56000;748.69000;746.65002;748.080017
2026-05-15;741.78998;742.95001;737.96002;743.46002;738.53998;739.080017
2026-05-18;739.83002;741.41498;734.22498;738.75;733.39001;738.56000
2026-05-19;734.78003;737.65002;731.53003;737.57001;732.57501;733.78998
2026-05-20;735.71002;741.87000;733.89001;741.60999;739.29999;741.25
2026-05-21;738.64001;743.049988;737.030029;744.87000;740.080017;742.75
2026-05-22;746.23999;748.77002;744.47998;748.94000;744.95502;745.59003
2026-05-26;750.010010;752.13000;748.37000;750.87000;748.5;750.46997
2026-05-27;750.88000;751.38000;748.21997;751.13000;749.14502;750.46997
2026-05-28;750.25;754.87000;749.22998;755.15002;754.099976;754.64001
2026-05-29;755.90002;758.080017;754.69000;757.63000;755.13000;756.40002
2026-06-01;755.35999;758.54999;754.69000;760.27002;757.72998;758.44000
2026-06-02;757.030029;760.40002;756.75;759.69000;758.625;759.46997
2026-06-03;758.15002;758.79999;753.57001;756.049988;753.90002;754.19000
2026-06-04;752.099976;757.17999;751.46997;758.31000;756.79999;757.049988
2026-06-05;752.31000;752.82001;742.46002;745.29498;735.52502;737.40002
2026-06-08;743.35999;745.34003;740.080017;742.45001;738.19000;739.31000
2026-06-09;743.63000;746.90002;722.59003;737.69000;730.21002;737.059998
2026-06-10;733.39001;738.38000;728.48999;731.77002;725.33002;725.42999
2026-06-11;728.76001;732.67999;724.40503;740;732.22498;737.64001
2026-06-12;740.71002;744.44000;735.030029;742.33502;740.070007;741.65997
2026-06-15;751.84998;756.67999;751.76001;756.29999;753.40002;754.65997
2026-06-16;754.54999;755.44000;751.71002;752.67999;749.88000;750.34998
2026-06-17;751.28998;752.15002;747.87000;750.90997;739.22998;740.92999
2026-06-18;747.76001;748.20001;743.85999;748.22998;745.20001;746.59003
2026-06-22;747.70001;750.17999;743.15002;745.73999;743.13000;744.38000
2026-06-23;733.81000;739.63000;732.29999;738.030029;733.32001;733.66998
2026-06-24;735.16998;739.94501;732.059998;734.65997;730.84003;733.080017
2026-06-25;738.90997;739.37000;729.59998;736.059998;731.33002;733.27002
2026-06-26;728.94501;736.53003;726.85999;735.39001;716.58002;729.080017
2026-06-29;736.52502;740.375;732.090027;741.55798;739.97998;740.85999
2026-06-30;741.28998;747.14001;740.89001;748.020020;746.15002;746.47998
2026-07-01;745;749.43500;742.375;748.17999;745.15997;745.70001
2026-07-02;747.40002;751.31000;740.37000;745.58002;740.030029;744.84003
2026-07-06;748.73999;751.53003;747.40997;752.40997;749.63000;751.31000
2026-07-07;750.21997;750.96002;745.21002;749.29999;746;747.70001
2026-07-08;743.15997;745.78003;739.51001;746.15002;743.95001;745.28998
2026-07-09;747.34998;751.78998;745.59003;751.96997;750.66010;751.65002
2026-07-10;752.049988;754.14001;748.099976;755.41998;753.875;754.90002
2026-07-13;752.46997;753.91052;748.92999;750.26001;748;749.099976
2026-07-14;750.90997;753.31;748.65997;752.77002;751.65997;751.87000
2026-07-15;754.23999;755.58002;750.20001;754.92;752.81000;754.72998
2026-07-16;752.76001;754.57001;750.66998;752.81000;747.88;750.76001
2026-07-17;742.080017;747.3;740.79999;746.98999;742.13000;743.15503
2026-07-20;747.059998;748.72998;743.56000;745.38000;741.51031;742.15002
2026-07-21;746.28998;749.039978;744.17999;748.93;747.94000;748.33002
2026-07-22;746.62000;750.020020;746.37000;749.41;747.29498;747.33002
2026-07-23;739.37000;742.56000;735.21002;738.79999;735.71997;738.16998
2026-07-24;738.51001;743.72;737.35;742.16919;737.28998;738.85999
2026-07-27;744.90997;745.53003;735.87000;739.84998;736.17999;739.020020
2026-07-28;739.19000;742.79010;735.97998;741.96002;740.41998;740.76001
2026-07-29;739.96997;740.39001;731.72998;742.68;729.099976;729.53998
2026-07-30;736.049988;740.24;734.59003;742.45001;739.19000;741.72998
2026-07-31;744.67999;746.40002;737.67999;748.89502;745.185;746.81000
2026-08-03;749.44000;757.15503;749.099976;758.58002;757.01;757.66998
2026-08-04;760.63000;771.60498;760.52002;773.41;770.96002;771.28003
2026-08-05;775.84998;776.84998;769.90997;772.25;769.51001;769.73999
2026-08-06;770.21002;771.82001;767.46002;769.78998;767.70001;768.53003
2026-08-07;771.020020;773.91498;769.62000;773.83002;770.88;773.12000
2026-08-10;772.59998;775.049988;771.62000;773.44000;772.31500;773.070007
2026-08-11;774.53003;774.53998;770.26001;771.35498;769.20001;770.47998
2026-08-12;774.71002;774.90002;771.28998;773.63000;772;772.52002
2026-08-13;774.87000;779.37;774.12000;778.42999;776.62000;777.78003
2026-08-14;778.53998;778.79999;775.63000;776.49188;775.43011;776.29999
2026-08-17;776.17999;776.77502;773.46997;773.85999;772.51;772.67999
2026-08-18;768.70001;769.5;767.33002;768.56500;766.92499;767.39001
2026-08-19;770.35999;772.46997;768.099976;770.55;768.20001;769.090027
2026-08-20;765.96002;768.15002;764.71002;765.010010;762.039978;762.64001
2026-08-21;766.049988;767.84998;764.16998;766.8;765.059998;765.69000
2026-08-24;764.78003;765.21997;762.08;765.11;763.049988;763.47998
2026-08-25;766.15997;766.78003;763.050110;766.21997;764.71997;765.83502
2026-08-26;764.72998;766.96002;763.92999;767.34998;765.34998;766.010010
2026-08-27;768.5;772.35498;767.15997;772.06;769.15997;771.039978
2026-08-28;771.76001;775.29999;768.30762;769.88000;768.31000;769.38000
